SECCION,NOMBRE,NUMERO,TALLA,COLOR,NOTA
Chaquetas papás,D. VARGAS,65,XXL,,FAN #1 PAPA
Chaquetas papás,D. VARGAS,65,L,,FAN #1 MAMA
Chaquetas papás,D. VARGAS,65,L,,FAN #1 TIO
Chaquetas papás,SANTI R.,15,M,,FAN #1 PAPA
Camisetas papás,D. VARGAS,65,XXL,,FAN #1 PAPA
Camisetas papás,DOMINICK V.,65,L,,FAN #1 MAMA
Camisetas papás,COACH,,L,,profe
Uniformes fútbol,MARTIN LEURO,12,S,azul,
Uniformes fútbol,MARTIN LEURO,12,S,gris,
Uniformes fútbol,FEDERICO CASTELLANOS,8,14,azul,
Uniformes fútbol,FEDERICO CASTELLANOS,8,14,gris,
Uniformes fútbol,ELIAM HERNANDEZ,32,8,gris,
Uniformes fútbol,KAROL PAEZ,27,S,verde,
Uniformes fútbol,SANTIAGO BOTERO,70,S,rojo,arquero
Uniformes fútbol,SANTIAGO BOTERO,70,S,morado,arquero
